{
  "float32_384": {
    "dims": 384,
    "dtype": "float32",
    "stsb_spearman": 0.7355,
    "scifact_recall10": 0.3131,
    "memory_1k_vecs": "1.46 MB",
    "latency_cpu": {
      "mean_ms": 4.56,
      "p50_ms": 4.56,
      "p95_ms": 4.69
    },
    "bit_diagnostics": null
  },
  "float32_q4_384": {
    "dims": 384,
    "dtype": "float32_q4",
    "stsb_spearman": 0.735,
    "scifact_recall10": 0.3097,
    "memory_1k_vecs": "1.46 MB",
    "latency_cpu": {
      "mean_ms": 6.09,
      "p50_ms": 6.09,
      "p95_ms": 6.26
    },
    "bit_diagnostics": null,
    "q4_backend": "torchao INT8 (fallback)"
  },
  "binary_posthoc_384": {
    "dims": 384,
    "dtype": "binary",
    "stsb_spearman": 0.7271,
    "scifact_recall10": 0.2358,
    "memory_1k_vecs": "47 KB",
    "latency_cpu": {
      "mean_ms": 4.32,
      "p50_ms": 4.31,
      "p95_ms": 4.47
    },
    "bit_diagnostics": {
      "dead_bits": 0,
      "entropy_mean": 0.9785038179542341,
      "entropy_std": 0.029875417489047925,
      "balance_mean": 0.499084375,
      "balance_std": 0.08567183369808719,
      "mean_abs_corr": 0.07303310185670853,
      "max_abs_corr": 0.39661023020744324
    }
  },
  "binary_native_1024": {
    "dims": 1024,
    "dtype": "binary",
    "stsb_spearman": 0.7256,
    "scifact_recall10": 0.2925,
    "memory_1k_vecs": "125 KB",
    "latency_cpu": {
      "mean_ms": 4.39,
      "p50_ms": 4.37,
      "p95_ms": 4.54
    },
    "bit_diagnostics": {
      "dead_bits": 0,
      "entropy_mean": 0.975329073843205,
      "entropy_std": 0.029780200776641078,
      "balance_mean": 0.5008890625,
      "balance_std": 0.09180764983306725,
      "mean_abs_corr": 0.07084549963474274,
      "max_abs_corr": 0.9752058386802673
    }
  },
  "binary_native_2048": {
    "dims": 2048,
    "dtype": "binary",
    "stsb_spearman": 0.7293,
    "scifact_recall10": 0.2761,
    "memory_1k_vecs": "250 KB",
    "latency_cpu": {
      "mean_ms": 4.54,
      "p50_ms": 4.53,
      "p95_ms": 4.7
    },
    "bit_diagnostics": {
      "dead_bits": 0,
      "entropy_mean": 0.9763501311078728,
      "entropy_std": 0.02929800776848729,
      "balance_mean": 0.50019091796875,
      "balance_std": 0.08989902547190351,
      "mean_abs_corr": 0.07062672823667526,
      "max_abs_corr": 0.9468417167663574
    }
  },
  "binary_native_4096": {
    "dims": 4096,
    "dtype": "binary",
    "stsb_spearman": 0.7275,
    "scifact_recall10": 0.2958,
    "memory_1k_vecs": "500 KB",
    "latency_cpu": {
      "mean_ms": 4.59,
      "p50_ms": 4.57,
      "p95_ms": 4.77
    },
    "bit_diagnostics": {
      "dead_bits": 0,
      "entropy_mean": 0.9773414098961624,
      "entropy_std": 0.02737657144278967,
      "balance_mean": 0.5004774902343749,
      "balance_std": 0.08803779872889372,
      "mean_abs_corr": 0.07014944404363632,
      "max_abs_corr": 0.9620401263237
    }
  },
  "binary_native_1024_reg": {
    "dims": 1024,
    "dtype": "binary",
    "stsb_spearman": 0.7133,
    "scifact_recall10": 0.2844,
    "memory_1k_vecs": "125 KB",
    "latency_cpu": {
      "mean_ms": 4.4,
      "p50_ms": 4.38,
      "p95_ms": 4.52
    },
    "bit_diagnostics": {
      "dead_bits": 0,
      "entropy_mean": 0.9843617340285815,
      "entropy_std": 0.023931480098208585,
      "balance_mean": 0.4999328125,
      "balance_std": 0.07317000549808537,
      "mean_abs_corr": 0.04054560884833336,
      "max_abs_corr": 0.8808801770210266
    }
  },
  "binary_native_1024_bs256": {
    "dims": 1024,
    "dtype": "binary",
    "stsb_spearman": 0.7287,
    "scifact_recall10": 0.2778,
    "memory_1k_vecs": "125 KB",
    "latency_cpu": {
      "mean_ms": 4.4,
      "p50_ms": 4.39,
      "p95_ms": 4.54
    },
    "bit_diagnostics": {
      "dead_bits": 0,
      "entropy_mean": 0.9774673462101107,
      "entropy_std": 0.03156017140518387,
      "balance_mean": 0.5005322265625,
      "balance_std": 0.08767609766677387,
      "mean_abs_corr": 0.06678582727909088,
      "max_abs_corr": 0.933469831943512
    }
  }
}